,R2 train,R2 cv,R2 test,Training period start,Training period end,Testing period start,Testing period end,N° training samples,N° testing samples
0,0.9441101997308299,0.493079926038688,0.7147686783865661,2000Q2,2006Q4,2007Q1,2007Q4,4742,626
1,0.9905284105717994,0.5465645009150857,0.8652975742032152,2007Q4,2008Q3,2008Q4,2009Q3,1319,754
2,0.9410622005534126,0.5422191168840067,0.7830911477926469,2009Q3,2017Q4,2018Q1,2018Q4,15013,858
3,0.9041586939736782,0.5305883215616594,0.7276288801860611,2000Q1,2017Q4,2018Q1,2018Q4,23156,858
